{
    "loss": 0.6735467910766602,
    "accuracy": 0.8611111044883728
}