{
    "loss": 0.2296110838651657,
    "accuracy": 0.9674603343009949,
    "f1_score": 0.8929503916449086
}